{
  "project_info": {
    "project_number": "89786765385",
    "project_id": "flutter-test5b-169a4",
    "storage_bucket": "flutter-test5b-169a4.firebasestorage.app"
  },
  "client": [
    {
      "client_info": {
        "mobilesdk_app_id": "1:89786765385:android:ee50672b10f6ac30de6f98",
        "android_client_info": {
          "package_name": "com.mifirebase"
        }
      },
      "oauth_client": [],
      "api_key": [
        {
          "current_key": "AIzaSyDqZUCq_ZThIbEe6mOhyCdNDFOMwp0UbBA"
        }
      ],
      "services": {
        "appinvite_service": {
          "other_platform_oauth_client": []
        }
      }
    }
  ],
  "configuration_version": "1"
}