{"flutter":{"platforms":{"android":{"default":{"projectId":"flutter-test5b-169a4","appId":"1:89786765385:android:ee50672b10f6ac30de6f98","fileOutput":"android/app/google-services.json"}},"dart":{"lib/firebase_options.dart":{"projectId":"flutter-test5b-169a4","configurations":{"android":"1:89786765385:android:ee50672b10f6ac30de6f98","ios":"1:89786765385:ios:bca45b9a639d4a4ade6f98","macos":"1:89786765385:ios:bca45b9a639d4a4ade6f98","web":"1:89786765385:web:ae7ac42897a95ba3de6f98","windows":"1:89786765385:web:84c78804e314aa18de6f98"}}}}}}